Template,In layout,Enabled,Loc. X,Loc. Y,Loc. Z,X focus,Y focus,Cant vect.,Cant vect.,Cant vect.,Aim pt. X,Aim pt. Y,Aim pt. Z
,,,[m],[m],[m],[m],[m],<i>,<j>,<k>,[m],[m],[m]
0,1,1,239.97,582.86,0,NULL,NULL,NULL,NULL,NULL,0,0,106.5
0,1,1,-234.95,612.74,0,NULL,NULL,NULL,NULL,NULL,0,0,106.5
0,1,1,295.88,291.29,0,NULL,NULL,NULL,NULL,NULL,0,0,106.5
0,1,1,260.93,179.71,0,NULL,NULL,NULL,NULL,NULL,0,0,106.5
0,1,1,296.25,471.03,0,NULL,NULL,NULL,NULL,NULL,0,0,106.5
0,1,1,297.81,314.13,0,NULL,NULL,NULL,NULL,NULL,0,0,106.5
0,1,1,204.77,623.47,0,NULL,NULL,NULL,NULL,NULL,0,0,106.5
0,1,1,289.41,248.05,0,NULL,NULL,NULL,NULL,NULL,0,0,106.5
0,1,1,-270.38,540.56,0,NULL,NULL,NULL,NULL,NULL,0,0,106.5
0,1,1,299.42,338.48,0,NULL,NULL,NULL,NULL,NULL,0,0,106.5
0,1,1,299.69,363.29,0,NULL,NULL,NULL,NULL,NULL,0,0,106.5
0,1,1,99.59,705.28,0,NULL,NULL,NULL,NULL,NULL,0,0,106.5
0,1,1,-257.8,158.84,0,NULL,NULL,NULL,NULL,NULL,0,0,106.5
0,1,1,272.24,512.62,0,NULL,NULL,NULL,NULL,NULL,0,0,106.5
0,1,1,273.31,459.05,0,NULL,NULL,NULL,NULL,NULL,0,0,106.5
0,1,1,243.67,553.11,0,NULL,NULL,NULL,NULL,NULL,0,0,106.5
0,1,1,-295.39,445.17,0,NULL,NULL,NULL,NULL,NULL,0,0,106.5
0,1,1,268.62,246.8,0,NULL,NULL,NULL,NULL,NULL,0,0,106.5
0,1,1,-296.93,498.73,0,NULL,NULL,NULL,NULL,NULL,0,0,106.5
0,1,1,-239.97,582.86,0,NULL,NULL,NULL,NULL,NULL,0,0,106.5
0,1,1,272.62,433.46,0,NULL,NULL,NULL,NULL,NULL,0,0,106.5
0,1,1,-99.59,705.28,0,NULL,NULL,NULL,NULL,NULL,0,0,106.5
0,1,1,-292.75,268.97,0,NULL,NULL,NULL,NULL,NULL,0,0,106.5
0,1,1,-204.77,623.47,0,NULL,NULL,NULL,NULL,NULL,0,0,106.5
0,1,1,74.8,708.34,0,NULL,NULL,NULL,NULL,NULL,0,0,106.5
0,1,1,200.97,654.08,0,NULL,NULL,NULL,NULL,NULL,0,0,106.5
0,1,1,211.24,593.87,0,NULL,NULL,NULL,NULL,NULL,0,0,106.5
0,1,1,272.91,484.93,0,NULL,NULL,NULL,NULL,NULL,0,0,106.5
0,1,1,206.44,468.6,0,NULL,NULL,NULL,NULL,NULL,0,0,106.5
0,1,1,227.22,109.85,0,NULL,NULL,NULL,NULL,NULL,0,0,106.5
0,1,1,174.1,632.72,0,NULL,NULL,NULL,NULL,NULL,0,0,106.5
0,1,1,-74.8,708.34,0,NULL,NULL,NULL,NULL,NULL,0,0,106.5
0,1,1,246.9,525.3,0,NULL,NULL,NULL,NULL,NULL,0,0,106.5
0,1,1,262.57,201.29,0,NULL,NULL,NULL,NULL,NULL,0,0,106.5
0,1,1,235.58,145.15,0,NULL,NULL,NULL,NULL,NULL,0,0,106.5
0,1,1,-296.25,471.03,0,NULL,NULL,NULL,NULL,NULL,0,0,106.5
0,1,1,131.17,671.57,0,NULL,NULL,NULL,NULL,NULL,0,0,106.5
0,1,1,24.98,711.84,0,NULL,NULL,NULL,NULL,NULL,0,0,106.5
0,1,1,-24.98,711.84,0,NULL,NULL,NULL,NULL,NULL,0,0,106.5
0,1,1,187.12,454.49,0,NULL,NULL,NULL,NULL,NULL,0,0,106.5
0,1,1,250.58,471.84,0,NULL,NULL,NULL,NULL,NULL,0,0,106.5
0,1,1,-173.99,54.89,0,NULL,NULL,NULL,NULL,NULL,0,0,106.5
0,1,1,-243.67,553.11,0,NULL,NULL,NULL,NULL,NULL,0,0,106.5
0,1,1,-295.88,291.29,0,NULL,NULL,NULL,NULL,NULL,0,0,106.5
0,1,1,-272.24,512.62,0,NULL,NULL,NULL,NULL,NULL,0,0,106.5
0,1,1,0,712.28,0,NULL,NULL,NULL,NULL,NULL,0,0,106.5
0,1,1,-297.81,314.13,0,NULL,NULL,NULL,NULL,NULL,0,0,106.5
0,1,1,-200.97,654.08,0,NULL,NULL,NULL,NULL,NULL,0,0,106.5
0,1,1,-273.31,459.05,0,NULL,NULL,NULL,NULL,NULL,0,0,106.5
0,1,1,-131.17,671.57,0,NULL,NULL,NULL,NULL,NULL,0,0,106.5
0,1,1,-299.42,338.48,0,NULL,NULL,NULL,NULL,NULL,0,0,106.5
0,1,1,180.87,71.38,0,NULL,NULL,NULL,NULL,NULL,0,0,106.5
0,1,1,-174.1,632.72,0,NULL,NULL,NULL,NULL,NULL,0,0,106.5
0,1,1,-211.24,593.87,0,NULL,NULL,NULL,NULL,NULL,0,0,106.5
0,1,1,216.39,564.34,0,NULL,NULL,NULL,NULL,NULL,0,0,106.5
0,1,1,-260.93,179.71,0,NULL,NULL,NULL,NULL,NULL,0,0,106.5
0,1,1,-299.69,363.29,0,NULL,NULL,NULL,NULL,NULL,0,0,106.5
0,1,1,248.92,497.67,0,NULL,NULL,NULL,NULL,NULL,0,0,106.5
0,1,1,143.01,640.47,0,NULL,NULL,NULL,NULL,NULL,0,0,106.5
0,1,1,182,603.47,0,NULL,NULL,NULL,NULL,NULL,0,0,106.5
0,1,1,144.72,185.67,0,NULL,NULL,NULL,NULL,NULL,0,0,106.5
0,1,1,-272.62,433.46,0,NULL,NULL,NULL,NULL,NULL,0,0,106.5
0,1,1,-206.44,468.6,0,NULL,NULL,NULL,NULL,NULL,0,0,106.5
0,1,1,-289.41,248.05,0,NULL,NULL,NULL,NULL,NULL,0,0,106.5
0,1,1,-246.9,525.3,0,NULL,NULL,NULL,NULL,NULL,0,0,106.5
0,1,1,-272.91,484.93,0,NULL,NULL,NULL,NULL,NULL,0,0,106.5
0,1,1,273.51,288.51,0,NULL,NULL,NULL,NULL,NULL,0,0,106.5
0,1,1,-268.62,246.8,0,NULL,NULL,NULL,NULL,NULL,0,0,106.5
0,1,1,-143.01,640.47,0,NULL,NULL,NULL,NULL,NULL,0,0,106.5
0,1,1,251.14,446.24,0,NULL,NULL,NULL,NULL,NULL,0,0,106.5
0,1,1,220.97,536.72,0,NULL,NULL,NULL,NULL,NULL,0,0,106.5
0,1,1,-187.12,454.49,0,NULL,NULL,NULL,NULL,NULL,0,0,106.5
0,1,1,232,127.12,0,NULL,NULL,NULL,NULL,NULL,0,0,106.5
0,1,1,203.19,80.19,0,NULL,NULL,NULL,NULL,NULL,0,0,106.5
0,1,1,-250.58,471.84,0,NULL,NULL,NULL,NULL,NULL,0,0,106.5
0,1,1,111.59,646.68,0,NULL,NULL,NULL,NULL,NULL,0,0,106.5
0,1,1,-216.39,564.34,0,NULL,NULL,NULL,NULL,NULL,0,0,106.5
0,1,1,-182,603.47,0,NULL,NULL,NULL,NULL,NULL,0,0,106.5
0,1,1,-144.72,185.67,0,NULL,NULL,NULL,NULL,NULL,0,0,106.5
0,1,1,188.59,574.23,0,NULL,NULL,NULL,NULL,NULL,0,0,106.5
0,1,1,-248.92,497.67,0,NULL,NULL,NULL,NULL,NULL,0,0,106.5
0,1,1,152.34,611.64,0,NULL,NULL,NULL,NULL,NULL,0,0,106.5
0,1,1,275.1,310.99,0,NULL,NULL,NULL,NULL,NULL,0,0,106.5
0,1,1,-262.57,201.29,0,NULL,NULL,NULL,NULL,NULL,0,0,106.5
0,1,1,227.26,483.51,0,NULL,NULL,NULL,NULL,NULL,0,0,106.5
0,1,1,275.45,333.91,0,NULL,NULL,NULL,NULL,NULL,0,0,106.5
0,1,1,-111.59,646.68,0,NULL,NULL,NULL,NULL,NULL,0,0,106.5
0,1,1,271.75,409.55,0,NULL,NULL,NULL,NULL,NULL,0,0,106.5
0,1,1,275.38,358.31,0,NULL,NULL,NULL,NULL,NULL,0,0,106.5
0,1,1,238.63,164.35,0,NULL,NULL,NULL,NULL,NULL,0,0,106.5
0,1,1,-235.58,145.15,0,NULL,NULL,NULL,NULL,NULL,0,0,106.5
0,1,1,273.94,383.08,0,NULL,NULL,NULL,NULL,NULL,0,0,106.5
0,1,1,79.89,651.36,0,NULL,NULL,NULL,NULL,NULL,0,0,106.5
0,1,1,224.34,509.22,0,NULL,NULL,NULL,NULL,NULL,0,0,106.5
0,1,1,-227.22,109.85,0,NULL,NULL,NULL,NULL,NULL,0,0,106.5
0,1,1,35.98,683.31,0,NULL,NULL,NULL,NULL,NULL,0,0,106.5
0,1,1,-220.97,536.72,0,NULL,NULL,NULL,NULL,NULL,0,0,106.5
0,1,1,-79.89,651.36,0,NULL,NULL,NULL,NULL,NULL,0,0,106.5
0,1,1,-35.98,683.31,0,NULL,NULL,NULL,NULL,NULL,0,0,106.5
0,1,1,-152.34,611.64,0,NULL,NULL,NULL,NULL,NULL,0,0,106.5
0,1,1,48.01,654.48,0,NULL,NULL,NULL,NULL,NULL,0,0,106.5
0,1,1,-188.59,574.23,0,NULL,NULL,NULL,NULL,NULL,0,0,106.5
0,1,1,250.97,264.73,0,NULL,NULL,NULL,NULL,NULL,0,0,106.5
0,1,1,194.52,546.86,0,NULL,NULL,NULL,NULL,NULL,0,0,106.5
0,1,1,122.31,618.34,0,NULL,NULL,NULL,NULL,NULL,0,0,106.5
0,1,1,229.06,457.97,0,NULL,NULL,NULL,NULL,NULL,0,0,106.5
0,1,1,-48.01,654.48,0,NULL,NULL,NULL,NULL,NULL,0,0,106.5
0,1,1,-251.14,446.24,0,NULL,NULL,NULL,NULL,NULL,0,0,106.5
0,1,1,16.02,656.04,0,NULL,NULL,NULL,NULL,NULL,0,0,106.5
0,1,1,271.62,267.41,0,NULL,NULL,NULL,NULL,NULL,0,0,106.5
0,1,1,-16.02,656.04,0,NULL,NULL,NULL,NULL,NULL,0,0,106.5
0,1,1,160.35,582.75,0,NULL,NULL,NULL,NULL,NULL,0,0,106.5
0,1,1,-273.51,288.51,0,NULL,NULL,NULL,NULL,NULL,0,0,106.5
0,1,1,-180.87,71.38,0,NULL,NULL,NULL,NULL,NULL,0,0,106.5
0,1,1,-227.26,483.51,0,NULL,NULL,NULL,NULL,NULL,0,0,106.5
0,1,1,-122.31,618.34,0,NULL,NULL,NULL,NULL,NULL,0,0,106.5
0,1,1,-224.34,509.22,0,NULL,NULL,NULL,NULL,NULL,0,0,106.5
0,1,1,240.31,184.23,0,NULL,NULL,NULL,NULL,NULL,0,0,106.5
0,1,1,91.99,623.57,0,NULL,NULL,NULL,NULL,NULL,0,0,106.5
0,1,1,203.39,494.02,0,NULL,NULL,NULL,NULL,NULL,0,0,106.5
0,1,1,-271.75,409.55,0,NULL,NULL,NULL,NULL,NULL,0,0,106.5
0,1,1,199.22,519.56,0,NULL,NULL,NULL,NULL,NULL,0,0,106.5
0,1,1,-275.1,310.99,0,NULL,NULL,NULL,NULL,NULL,0,0,106.5
0,1,1,-273.94,383.08,0,NULL,NULL,NULL,NULL,NULL,0,0,106.5
0,1,1,-275.38,358.31,0,NULL,NULL,NULL,NULL,NULL,0,0,106.5
0,1,1,-194.52,546.86,0,NULL,NULL,NULL,NULL,NULL,0,0,106.5
0,1,1,-275.45,333.91,0,NULL,NULL,NULL,NULL,NULL,0,0,106.5
0,1,1,-160.35,582.75,0,NULL,NULL,NULL,NULL,NULL,0,0,106.5
0,1,1,-91.99,623.57,0,NULL,NULL,NULL,NULL,NULL,0,0,106.5
0,1,1,131.72,589.88,0,NULL,NULL,NULL,NULL,NULL,0,0,106.5
0,1,1,-232,127.12,0,NULL,NULL,NULL,NULL,NULL,0,0,106.5
0,1,1,167.6,555.71,0,NULL,NULL,NULL,NULL,NULL,0,0,106.5
0,1,1,61.45,627.32,0,NULL,NULL,NULL,NULL,NULL,0,0,106.5
0,1,1,-229.06,457.97,0,NULL,NULL,NULL,NULL,NULL,0,0,106.5
0,1,1,246.88,401.05,0,NULL,NULL,NULL,NULL,NULL,0,0,106.5
0,1,1,-203.19,80.19,0,NULL,NULL,NULL,NULL,NULL,0,0,106.5
0,1,1,-238.63,164.35,0,NULL,NULL,NULL,NULL,NULL,0,0,106.5
0,1,1,-61.45,627.32,0,NULL,NULL,NULL,NULL,NULL,0,0,106.5
0,1,1,30.76,629.57,0,NULL,NULL,NULL,NULL,NULL,0,0,106.5
0,1,1,-30.76,629.57,0,NULL,NULL,NULL,NULL,NULL,0,0,106.5
0,1,1,0,630.32,0,NULL,NULL,NULL,NULL,NULL,0,0,106.5
0,1,1,241.3,205.31,0,NULL,NULL,NULL,NULL,NULL,0,0,106.5
0,1,1,-131.72,589.88,0,NULL,NULL,NULL,NULL,NULL,0,0,106.5
0,1,1,-203.39,494.02,0,NULL,NULL,NULL,NULL,NULL,0,0,106.5
0,1,1,252.98,306.67,0,NULL,NULL,NULL,NULL,NULL,0,0,106.5
0,1,1,-199.22,519.56,0,NULL,NULL,NULL,NULL,NULL,0,0,106.5
0,1,1,102.77,595.61,0,NULL,NULL,NULL,NULL,NULL,0,0,106.5
0,1,1,-250.97,264.73,0,NULL,NULL,NULL,NULL,NULL,0,0,106.5
0,1,1,-167.6,555.71,0,NULL,NULL,NULL,NULL,NULL,0,0,106.5
0,1,1,179.04,503.36,0,NULL,NULL,NULL,NULL,NULL,0,0,106.5
0,1,1,173.63,528.67,0,NULL,NULL,NULL,NULL,NULL,0,0,106.5
0,1,1,140.28,563.22,0,NULL,NULL,NULL,NULL,NULL,0,0,106.5
0,1,1,-271.62,267.41,0,NULL,NULL,NULL,NULL,NULL,0,0,106.5
0,1,1,253.01,329.21,0,NULL,NULL,NULL,NULL,NULL,0,0,106.5
0,1,1,250.03,376.44,0,NULL,NULL,NULL,NULL,NULL,0,0,106.5
0,1,1,251.78,352.1,0,NULL,NULL,NULL,NULL,NULL,0,0,106.5
0,1,1,-102.77,595.61,0,NULL,NULL,NULL,NULL,NULL,0,0,106.5
0,1,1,73.58,599.91,0,NULL,NULL,NULL,NULL,NULL,0,0,106.5
0,1,1,-240.31,184.23,0,NULL,NULL,NULL,NULL,NULL,0,0,106.5
0,1,1,-246.88,401.05,0,NULL,NULL,NULL,NULL,NULL,0,0,106.5
0,1,1,218.66,417.12,0,NULL,NULL,NULL,NULL,NULL,0,0,106.5
0,1,1,240.74,226.94,0,NULL,NULL,NULL,NULL,NULL,0,0,106.5
0,1,1,223.49,392.78,0,NULL,NULL,NULL,NULL,NULL,0,0,106.5
0,1,1,264.08,226.35,0,NULL,NULL,NULL,NULL,NULL,0,0,106.5
0,1,1,-73.58,599.91,0,NULL,NULL,NULL,NULL,NULL,0,0,106.5
0,1,1,-140.28,563.22,0,NULL,NULL,NULL,NULL,NULL,0,0,106.5
0,1,1,44.22,602.79,0,NULL,NULL,NULL,NULL,NULL,0,0,106.5
0,1,1,232.13,281.4,0,NULL,NULL,NULL,NULL,NULL,0,0,106.5
0,1,1,226.92,368.62,0,NULL,NULL,NULL,NULL,NULL,0,0,106.5
0,1,1,-173.63,528.67,0,NULL,NULL,NULL,NULL,NULL,0,0,106.5
0,1,1,112.63,569.4,0,NULL,NULL,NULL,NULL,NULL,0,0,106.5
0,1,1,-179.04,503.36,0,NULL,NULL,NULL,NULL,NULL,0,0,106.5
0,1,1,135.85,493.71,0,NULL,NULL,NULL,NULL,NULL,0,0,106.5
0,1,1,-44.22,602.79,0,NULL,NULL,NULL,NULL,NULL,0,0,106.5
0,1,1,14.75,604.23,0,NULL,NULL,NULL,NULL,NULL,0,0,106.5
0,1,1,147.62,536.51,0,NULL,NULL,NULL,NULL,NULL,0,0,106.5
0,1,1,219.6,168.35,0,NULL,NULL,NULL,NULL,NULL,0,0,106.5
0,1,1,-14.75,604.23,0,NULL,NULL,NULL,NULL,NULL,0,0,106.5
0,1,1,154.27,511.5,0,NULL,NULL,NULL,NULL,NULL,0,0,106.5
0,1,1,209.08,444.82,0,NULL,NULL,NULL,NULL,NULL,0,0,106.5
0,1,1,-252.98,306.67,0,NULL,NULL,NULL,NULL,NULL,0,0,106.5
0,1,1,-112.63,569.4,0,NULL,NULL,NULL,NULL,NULL,0,0,106.5
0,1,1,-241.3,205.31,0,NULL,NULL,NULL,NULL,NULL,0,0,106.5
0,1,1,84.71,574.21,0,NULL,NULL,NULL,NULL,NULL,0,0,106.5
0,1,1,-135.85,493.71,0,NULL,NULL,NULL,NULL,NULL,0,0,106.5
0,1,1,-250.03,376.44,0,NULL,NULL,NULL,NULL,NULL,0,0,106.5
0,1,1,183.33,478.12,0,NULL,NULL,NULL,NULL,NULL,0,0,106.5
0,1,1,-251.78,352.1,0,NULL,NULL,NULL,NULL,NULL,0,0,106.5
0,1,1,-253.01,329.21,0,NULL,NULL,NULL,NULL,NULL,0,0,106.5
0,1,1,-147.62,536.51,0,NULL,NULL,NULL,NULL,NULL,0,0,106.5
0,1,1,252.55,285.49,0,NULL,NULL,NULL,NULL,NULL,0,0,106.5
0,1,1,-218.66,417.12,0,NULL,NULL,NULL,NULL,NULL,0,0,106.5
0,1,1,-154.27,511.5,0,NULL,NULL,NULL,NULL,NULL,0,0,106.5
0,1,1,-84.71,574.21,0,NULL,NULL,NULL,NULL,NULL,0,0,106.5
0,1,1,121.27,543.08,0,NULL,NULL,NULL,NULL,NULL,0,0,106.5
0,1,1,229.72,345.87,0,NULL,NULL,NULL,NULL,NULL,0,0,106.5
0,1,1,-223.49,392.78,0,NULL,NULL,NULL,NULL,NULL,0,0,106.5
0,1,1,56.58,577.66,0,NULL,NULL,NULL,NULL,NULL,0,0,106.5
0,1,1,129.12,518.42,0,NULL,NULL,NULL,NULL,NULL,0,0,106.5
0,1,1,-226.92,368.62,0,NULL,NULL,NULL,NULL,NULL,0,0,106.5
0,1,1,214.87,132.39,0,NULL,NULL,NULL,NULL,NULL,0,0,106.5
0,1,1,-56.58,577.66,0,NULL,NULL,NULL,NULL,NULL,0,0,106.5
0,1,1,-209.08,444.82,0,NULL,NULL,NULL,NULL,NULL,0,0,106.5
0,1,1,28.33,579.74,0,NULL,NULL,NULL,NULL,NULL,0,0,106.5
0,1,1,-240.74,226.94,0,NULL,NULL,NULL,NULL,NULL,0,0,106.5
0,1,1,-28.33,579.74,0,NULL,NULL,NULL,NULL,NULL,0,0,106.5
0,1,1,0,580.43,0,NULL,NULL,NULL,NULL,NULL,0,0,106.5
0,1,1,-121.27,543.08,0,NULL,NULL,NULL,NULL,NULL,0,0,106.5
0,1,1,-232.13,281.4,0,NULL,NULL,NULL,NULL,NULL,0,0,106.5
0,1,1,-183.33,478.12,0,NULL,NULL,NULL,NULL,NULL,0,0,106.5
0,1,1,220.68,187.77,0,NULL,NULL,NULL,NULL,NULL,0,0,106.5
0,1,1,94.62,548.35,0,NULL,NULL,NULL,NULL,NULL,0,0,106.5
0,1,1,-129.12,518.42,0,NULL,NULL,NULL,NULL,NULL,0,0,106.5
0,1,1,231.24,323.38,0,NULL,NULL,NULL,NULL,NULL,0,0,106.5
0,1,1,103.67,524.1,0,NULL,NULL,NULL,NULL,NULL,0,0,106.5
0,1,1,189.39,431.19,0,NULL,NULL,NULL,NULL,NULL,0,0,106.5
0,1,1,-264.08,226.35,0,NULL,NULL,NULL,NULL,NULL,0,0,106.5
0,1,1,195.89,407.24,0,NULL,NULL,NULL,NULL,NULL,0,0,106.5
0,1,1,104.17,211.11,0,NULL,NULL,NULL,NULL,NULL,0,0,106.5
0,1,1,-219.6,168.35,0,NULL,NULL,NULL,NULL,NULL,0,0,106.5
0,1,1,159.78,486.49,0,NULL,NULL,NULL,NULL,NULL,0,0,106.5
0,1,1,200.97,383.38,0,NULL,NULL,NULL,NULL,NULL,0,0,106.5
0,1,1,-94.62,548.35,0,NULL,NULL,NULL,NULL,NULL,0,0,106.5
0,1,1,208.4,338.55,0,NULL,NULL,NULL,NULL,NULL,0,0,106.5
0,1,1,217.87,150.05,0,NULL,NULL,NULL,NULL,NULL,0,0,106.5
0,1,1,37.46,510.69,0,NULL,NULL,NULL,NULL,NULL,0,0,106.5
0,1,1,205.34,360.88,0,NULL,NULL,NULL,NULL,NULL,0,0,106.5
0,1,1,67.75,552.31,0,NULL,NULL,NULL,NULL,NULL,0,0,106.5
0,1,1,-103.67,524.1,0,NULL,NULL,NULL,NULL,NULL,0,0,106.5
0,1,1,-229.72,345.87,0,NULL,NULL,NULL,NULL,NULL,0,0,106.5
0,1,1,77.97,528.54,0,NULL,NULL,NULL,NULL,NULL,0,0,106.5
0,1,1,-37.46,510.69,0,NULL,NULL,NULL,NULL,NULL,0,0,106.5
0,1,1,212.18,296.72,0,NULL,NULL,NULL,NULL,NULL,0,0,106.5
0,1,1,-67.75,552.31,0,NULL,NULL,NULL,NULL,NULL,0,0,106.5
0,1,1,40.71,554.96,0,NULL,NULL,NULL,NULL,NULL,0,0,106.5
0,1,1,-104.17,211.11,0,NULL,NULL,NULL,NULL,NULL,0,0,106.5
0,1,1,-252.55,285.49,0,NULL,NULL,NULL,NULL,NULL,0,0,106.5
0,1,1,220.33,207.71,0,NULL,NULL,NULL,NULL,NULL,0,0,106.5
0,1,1,-77.97,528.54,0,NULL,NULL,NULL,NULL,NULL,0,0,106.5
0,1,1,-40.71,554.96,0,NULL,NULL,NULL,NULL,NULL,0,0,106.5
0,1,1,52.08,531.71,0,NULL,NULL,NULL,NULL,NULL,0,0,106.5
0,1,1,13.58,556.28,0,NULL,NULL,NULL,NULL,NULL,0,0,106.5
0,1,1,-159.78,486.49,0,NULL,NULL,NULL,NULL,NULL,0,0,106.5
0,1,1,-189.39,431.19,0,NULL,NULL,NULL,NULL,NULL,0,0,106.5
0,1,1,-13.58,556.28,0,NULL,NULL,NULL,NULL,NULL,0,0,106.5
0,1,1,-195.89,407.24,0,NULL,NULL,NULL,NULL,NULL,0,0,106.5
0,1,1,-52.08,531.71,0,NULL,NULL,NULL,NULL,NULL,0,0,106.5
0,1,1,26.07,533.62,0,NULL,NULL,NULL,NULL,NULL,0,0,106.5
0,1,1,-231.24,323.38,0,NULL,NULL,NULL,NULL,NULL,0,0,106.5
0,1,1,-26.07,533.62,0,NULL,NULL,NULL,NULL,NULL,0,0,106.5
0,1,1,0,534.25,0,NULL,NULL,NULL,NULL,NULL,0,0,106.5
0,1,1,-200.97,383.38,0,NULL,NULL,NULL,NULL,NULL,0,0,106.5
0,1,1,-214.87,132.39,0,NULL,NULL,NULL,NULL,NULL,0,0,106.5
0,1,1,-220.68,187.77,0,NULL,NULL,NULL,NULL,NULL,0,0,106.5
0,1,1,-205.34,360.88,0,NULL,NULL,NULL,NULL,NULL,0,0,106.5
0,1,1,-208.4,338.55,0,NULL,NULL,NULL,NULL,NULL,0,0,106.5
0,1,1,159.22,443.22,0,NULL,NULL,NULL,NULL,NULL,0,0,106.5
0,1,1,219.17,228.78,0,NULL,NULL,NULL,NULL,NULL,0,0,106.5
0,1,1,167.35,419.78,0,NULL,NULL,NULL,NULL,NULL,0,0,106.5
0,1,1,174.07,396.32,0,NULL,NULL,NULL,NULL,NULL,0,0,106.5
0,1,1,-212.18,296.72,0,NULL,NULL,NULL,NULL,NULL,0,0,106.5
0,1,1,232.27,302.22,0,NULL,NULL,NULL,NULL,NULL,0,0,106.5
0,1,1,179.98,374.17,0,NULL,NULL,NULL,NULL,NULL,0,0,106.5
0,1,1,111.59,499.75,0,NULL,NULL,NULL,NULL,NULL,0,0,106.5
0,1,1,-217.87,150.05,0,NULL,NULL,NULL,NULL,NULL,0,0,106.5
0,1,1,186.23,89.08,0,NULL,NULL,NULL,NULL,NULL,0,0,106.5
0,1,1,184.58,352.1,0,NULL,NULL,NULL,NULL,NULL,0,0,106.5
0,1,1,216.41,250.24,0,NULL,NULL,NULL,NULL,NULL,0,0,106.5
0,1,1,-159.22,443.22,0,NULL,NULL,NULL,NULL,NULL,0,0,106.5
0,1,1,-220.33,207.71,0,NULL,NULL,NULL,NULL,NULL,0,0,106.5
0,1,1,-167.35,419.78,0,NULL,NULL,NULL,NULL,NULL,0,0,106.5
0,1,1,-111.59,499.75,0,NULL,NULL,NULL,NULL,NULL,0,0,106.5
0,1,1,191.23,310.64,0,NULL,NULL,NULL,NULL,NULL,0,0,106.5
0,1,1,201.34,189.81,0,NULL,NULL,NULL,NULL,NULL,0,0,106.5
0,1,1,118.79,476.94,0,NULL,NULL,NULL,NULL,NULL,0,0,106.5
0,1,1,128.29,453.14,0,NULL,NULL,NULL,NULL,NULL,0,0,106.5
0,1,1,-174.07,396.32,0,NULL,NULL,NULL,NULL,NULL,0,0,106.5
0,1,1,140.01,42.92,0,NULL,NULL,NULL,NULL,NULL,0,0,106.5
0,1,1,87.07,504.6,0,NULL,NULL,NULL,NULL,NULL,0,0,106.5
0,1,1,-219.17,228.78,0,NULL,NULL,NULL,NULL,NULL,0,0,106.5
0,1,1,-179.98,374.17,0,NULL,NULL,NULL,NULL,NULL,0,0,106.5
0,1,1,62.34,508.25,0,NULL,NULL,NULL,NULL,NULL,0,0,106.5
0,1,1,138.03,430.31,0,NULL,NULL,NULL,NULL,NULL,0,0,106.5
0,1,1,-184.58,352.1,0,NULL,NULL,NULL,NULL,NULL,0,0,106.5
0,1,1,126.98,25.27,0,NULL,NULL,NULL,NULL,NULL,0,0,106.5
0,1,1,-87.07,504.6,0,NULL,NULL,NULL,NULL,NULL,0,0,106.5
0,1,1,-118.79,476.94,0,NULL,NULL,NULL,NULL,NULL,0,0,106.5
0,1,1,146.34,407.38,0,NULL,NULL,NULL,NULL,NULL,0,0,106.5
0,1,1,-128.29,453.14,0,NULL,NULL,NULL,NULL,NULL,0,0,106.5
0,1,1,-62.34,508.25,0,NULL,NULL,NULL,NULL,NULL,0,0,106.5
0,1,1,-232.27,302.22,0,NULL,NULL,NULL,NULL,NULL,0,0,106.5
0,1,1,189.84,270.95,0,NULL,NULL,NULL,NULL,NULL,0,0,106.5
0,1,1,-216.41,250.24,0,NULL,NULL,NULL,NULL,NULL,0,0,106.5
0,1,1,153.76,385.69,0,NULL,NULL,NULL,NULL,NULL,0,0,106.5
0,1,1,164.58,78.72,0,NULL,NULL,NULL,NULL,NULL,0,0,106.5
0,1,1,-138.03,430.31,0,NULL,NULL,NULL,NULL,NULL,0,0,106.5
0,1,1,-191.23,310.64,0,NULL,NULL,NULL,NULL,NULL,0,0,106.5
0,1,1,159.87,363.99,0,NULL,NULL,NULL,NULL,NULL,0,0,106.5
0,1,1,200.45,209.23,0,NULL,NULL,NULL,NULL,NULL,0,0,106.5
0,1,1,96.76,460.91,0,NULL,NULL,NULL,NULL,NULL,0,0,106.5
0,1,1,-146.34,407.38,0,NULL,NULL,NULL,NULL,NULL,0,0,106.5
0,1,1,-186.23,89.08,0,NULL,NULL,NULL,NULL,NULL,0,0,106.5
0,1,1,-201.34,189.81,0,NULL,NULL,NULL,NULL,NULL,0,0,106.5
0,1,1,194.77,249.88,0,NULL,NULL,NULL,NULL,NULL,0,0,106.5
0,1,1,200.3,153.55,0,NULL,NULL,NULL,NULL,NULL,0,0,106.5
0,1,1,108.04,438.8,0,NULL,NULL,NULL,NULL,NULL,0,0,106.5
0,1,1,12.5,511.91,0,NULL,NULL,NULL,NULL,NULL,0,0,106.5
0,1,1,59.68,342.65,0,NULL,NULL,NULL,NULL,NULL,0,0,106.5
0,1,1,-96.76,460.91,0,NULL,NULL,NULL,NULL,NULL,0,0,106.5
0,1,1,-12.5,511.91,0,NULL,NULL,NULL,NULL,NULL,0,0,106.5
0,1,1,-153.76,385.69,0,NULL,NULL,NULL,NULL,NULL,0,0,106.5
0,1,1,117.92,416.49,0,NULL,NULL,NULL,NULL,NULL,0,0,106.5
0,1,1,169.36,323.08,0,NULL,NULL,NULL,NULL,NULL,0,0,106.5
0,1,1,210.89,317.51,0,NULL,NULL,NULL,NULL,NULL,0,0,106.5
0,1,1,189.95,107.87,0,NULL,NULL,NULL,NULL,NULL,0,0,106.5
0,1,1,-140.01,42.92,0,NULL,NULL,NULL,NULL,NULL,0,0,106.5
0,1,1,198.07,229.04,0,NULL,NULL,NULL,NULL,NULL,0,0,106.5
0,1,1,-189.84,270.95,0,NULL,NULL,NULL,NULL,NULL,0,0,106.5
0,1,1,64.76,466.48,0,NULL,NULL,NULL,NULL,NULL,0,0,106.5
0,1,1,-159.87,363.99,0,NULL,NULL,NULL,NULL,NULL,0,0,106.5
0,1,1,-108.04,438.8,0,NULL,NULL,NULL,NULL,NULL,0,0,106.5
0,1,1,201.48,171.43,0,NULL,NULL,NULL,NULL,NULL,0,0,106.5
0,1,1,158.54,62.57,0,NULL,NULL,NULL,NULL,NULL,0,0,106.5
0,1,1,126.82,395.37,0,NULL,NULL,NULL,NULL,NULL,0,0,106.5
0,1,1,-64.76,466.48,0,NULL,NULL,NULL,NULL,NULL,0,0,106.5
0,1,1,-126.98,25.27,0,NULL,NULL,NULL,NULL,NULL,0,0,106.5
0,1,1,-59.68,342.65,0,NULL,NULL,NULL,NULL,NULL,0,0,106.5
0,1,1,-117.92,416.49,0,NULL,NULL,NULL,NULL,NULL,0,0,106.5
0,1,1,32.46,469.83,0,NULL,NULL,NULL,NULL,NULL,0,0,106.5
0,1,1,-200.45,209.23,0,NULL,NULL,NULL,NULL,NULL,0,0,106.5
0,1,1,134.4,374.14,0,NULL,NULL,NULL,NULL,NULL,0,0,106.5
0,1,1,-32.46,469.83,0,NULL,NULL,NULL,NULL,NULL,0,0,106.5
0,1,1,0,470.95,0,NULL,NULL,NULL,NULL,NULL,0,0,106.5
0,1,1,47.91,489.16,0,NULL,NULL,NULL,NULL,NULL,0,0,106.5
0,1,1,77.54,445.21,0,NULL,NULL,NULL,NULL,NULL,0,0,106.5
0,1,1,-194.77,249.88,0,NULL,NULL,NULL,NULL,NULL,0,0,106.5
0,1,1,-47.91,489.16,0,NULL,NULL,NULL,NULL,NULL,0,0,106.5
0,1,1,-164.58,78.72,0,NULL,NULL,NULL,NULL,NULL,0,0,106.5
0,1,1,-126.82,395.37,0,NULL,NULL,NULL,NULL,NULL,0,0,106.5
0,1,1,178.13,228.53,0,NULL,NULL,NULL,NULL,NULL,0,0,106.5
0,1,1,-169.36,323.08,0,NULL,NULL,NULL,NULL,NULL,0,0,106.5
0,1,1,181,209.3,0,NULL,NULL,NULL,NULL,NULL,0,0,106.5
0,1,1,193.88,133.53,0,NULL,NULL,NULL,NULL,NULL,0,0,106.5
0,1,1,173.76,247.99,0,NULL,NULL,NULL,NULL,NULL,0,0,106.5
0,1,1,88.93,423.63,0,NULL,NULL,NULL,NULL,NULL,0,0,106.5
0,1,1,-77.54,445.21,0,NULL,NULL,NULL,NULL,NULL,0,0,106.5
0,1,1,168.36,268.39,0,NULL,NULL,NULL,NULL,NULL,0,0,106.5
0,1,1,179.3,152.55,0,NULL,NULL,NULL,NULL,NULL,0,0,106.5
0,1,1,-210.89,317.51,0,NULL,NULL,NULL,NULL,NULL,0,0,106.5
0,1,1,161.31,288.85,0,NULL,NULL,NULL,NULL,NULL,0,0,106.5
0,1,1,-198.07,229.04,0,NULL,NULL,NULL,NULL,NULL,0,0,106.5
0,1,1,-200.3,153.55,0,NULL,NULL,NULL,NULL,NULL,0,0,106.5
0,1,1,-134.4,374.14,0,NULL,NULL,NULL,NULL,NULL,0,0,106.5
0,1,1,99.27,403.17,0,NULL,NULL,NULL,NULL,NULL,0,0,106.5
0,1,1,46.67,449.49,0,NULL,NULL,NULL,NULL,NULL,0,0,106.5
0,1,1,-88.93,423.63,0,NULL,NULL,NULL,NULL,NULL,0,0,106.5
0,1,1,-46.67,449.49,0,NULL,NULL,NULL,NULL,NULL,0,0,106.5
0,1,1,15.58,451.64,0,NULL,NULL,NULL,NULL,NULL,0,0,106.5
0,1,1,146.69,333.99,0,NULL,NULL,NULL,NULL,NULL,0,0,106.5
0,1,1,-15.58,451.64,0,NULL,NULL,NULL,NULL,NULL,0,0,106.5
0,1,1,108.3,382.51,0,NULL,NULL,NULL,NULL,NULL,0,0,106.5
0,1,1,-189.95,107.87,0,NULL,NULL,NULL,NULL,NULL,0,0,106.5
0,1,1,59.52,428.75,0,NULL,NULL,NULL,NULL,NULL,0,0,106.5
0,1,1,-99.27,403.17,0,NULL,NULL,NULL,NULL,NULL,0,0,106.5
0,1,1,-201.48,171.43,0,NULL,NULL,NULL,NULL,NULL,0,0,106.5
0,1,1,211.95,275.78,0,NULL,NULL,NULL,NULL,NULL,0,0,106.5
0,1,1,-158.54,62.57,0,NULL,NULL,NULL,NULL,NULL,0,0,106.5
0,1,1,-59.52,428.75,0,NULL,NULL,NULL,NULL,NULL,0,0,106.5
0,1,1,71.24,409.05,0,NULL,NULL,NULL,NULL,NULL,0,0,106.5
0,1,1,-173.76,247.99,0,NULL,NULL,NULL,NULL,NULL,0,0,106.5
0,1,1,-168.36,268.39,0,NULL,NULL,NULL,NULL,NULL,0,0,106.5
0,1,1,-178.13,228.53,0,NULL,NULL,NULL,NULL,NULL,0,0,106.5
0,1,1,-181,209.3,0,NULL,NULL,NULL,NULL,NULL,0,0,106.5
0,1,1,-161.31,288.85,0,NULL,NULL,NULL,NULL,NULL,0,0,106.5
0,1,1,-108.3,382.51,0,NULL,NULL,NULL,NULL,NULL,0,0,106.5
0,1,1,188.5,331.29,0,NULL,NULL,NULL,NULL,NULL,0,0,106.5
0,1,1,-71.24,409.05,0,NULL,NULL,NULL,NULL,NULL,0,0,106.5
0,1,1,-146.69,333.99,0,NULL,NULL,NULL,NULL,NULL,0,0,106.5
0,1,1,29.83,431.83,0,NULL,NULL,NULL,NULL,NULL,0,0,106.5
0,1,1,-179.3,152.55,0,NULL,NULL,NULL,NULL,NULL,0,0,106.5
0,1,1,-193.88,133.53,0,NULL,NULL,NULL,NULL,NULL,0,0,106.5
0,1,1,81.68,389.07,0,NULL,NULL,NULL,NULL,NULL,0,0,106.5
0,1,1,122.6,41.63,0,NULL,NULL,NULL,NULL,NULL,0,0,106.5
0,1,1,158.78,226.62,0,NULL,NULL,NULL,NULL,NULL,0,0,106.5
0,1,1,-29.83,431.83,0,NULL,NULL,NULL,NULL,NULL,0,0,106.5
0,1,1,0,432.86,0,NULL,NULL,NULL,NULL,NULL,0,0,106.5
0,1,1,169.08,96.01,0,NULL,NULL,NULL,NULL,NULL,0,0,106.5
0,1,1,42.88,412.99,0,NULL,NULL,NULL,NULL,NULL,0,0,106.5
0,1,1,-81.68,389.07,0,NULL,NULL,NULL,NULL,NULL,0,0,106.5
0,1,1,153.97,245.46,0,NULL,NULL,NULL,NULL,NULL,0,0,106.5
0,1,1,147.64,264.37,0,NULL,NULL,NULL,NULL,NULL,0,0,106.5
0,1,1,123.33,343.3,0,NULL,NULL,NULL,NULL,NULL,0,0,106.5
0,1,1,-42.88,412.99,0,NULL,NULL,NULL,NULL,NULL,0,0,106.5
0,1,1,-211.95,275.78,0,NULL,NULL,NULL,NULL,NULL,0,0,106.5
0,1,1,140.19,284.12,0,NULL,NULL,NULL,NULL,NULL,0,0,106.5
0,1,1,54.67,393.77,0,NULL,NULL,NULL,NULL,NULL,0,0,106.5
0,1,1,131.1,303.76,0,NULL,NULL,NULL,NULL,NULL,0,0,106.5
0,1,1,-188.5,331.29,0,NULL,NULL,NULL,NULL,NULL,0,0,106.5
0,1,1,-54.67,393.77,0,NULL,NULL,NULL,NULL,NULL,0,0,106.5
0,1,1,14.32,414.96,0,NULL,NULL,NULL,NULL,NULL,0,0,106.5
0,1,1,183.65,173.12,0,NULL,NULL,NULL,NULL,NULL,0,0,106.5
0,1,1,-14.32,414.96,0,NULL,NULL,NULL,NULL,NULL,0,0,106.5
0,1,1,-158.78,226.62,0,NULL,NULL,NULL,NULL,NULL,0,0,106.5
0,1,1,0,397.55,0,NULL,NULL,NULL,NULL,NULL,0,0,106.5
0,1,1,-123.33,343.3,0,NULL,NULL,NULL,NULL,NULL,0,0,106.5
0,1,1,-131.1,303.76,0,NULL,NULL,NULL,NULL,NULL,0,0,106.5
0,1,1,27.4,396.6,0,NULL,NULL,NULL,NULL,NULL,0,0,106.5
0,1,1,-140.19,284.12,0,NULL,NULL,NULL,NULL,NULL,0,0,106.5
0,1,1,-147.64,264.37,0,NULL,NULL,NULL,NULL,NULL,0,0,106.5
0,1,1,183.01,191.03,0,NULL,NULL,NULL,NULL,NULL,0,0,106.5
0,1,1,-153.97,245.46,0,NULL,NULL,NULL,NULL,NULL,0,0,106.5
0,1,1,-27.4,396.6,0,NULL,NULL,NULL,NULL,NULL,0,0,106.5
0,1,1,-122.6,41.63,0,NULL,NULL,NULL,NULL,NULL,0,0,106.5
0,1,1,165.22,343.49,0,NULL,NULL,NULL,NULL,NULL,0,0,106.5
0,1,1,171.91,114.3,0,NULL,NULL,NULL,NULL,NULL,0,0,106.5
0,1,1,-169.08,96.01,0,NULL,NULL,NULL,NULL,NULL,0,0,106.5
0,1,1,99.37,350.99,0,NULL,NULL,NULL,NULL,NULL,0,0,106.5
0,1,1,107.77,32.28,0,NULL,NULL,NULL,NULL,NULL,0,0,106.5
0,1,1,134.91,241.59,0,NULL,NULL,NULL,NULL,NULL,0,0,106.5
0,1,1,99.53,315.51,0,NULL,NULL,NULL,NULL,NULL,0,0,106.5
0,1,1,151.93,101.01,0,NULL,NULL,NULL,NULL,NULL,0,0,106.5
0,1,1,110.57,296.9,0,NULL,NULL,NULL,NULL,NULL,0,0,106.5
0,1,1,-99.37,350.99,0,NULL,NULL,NULL,NULL,NULL,0,0,106.5
0,1,1,119.99,278.02,0,NULL,NULL,NULL,NULL,NULL,0,0,106.5
0,1,1,128.21,259.84,0,NULL,NULL,NULL,NULL,NULL,0,0,106.5
0,1,1,-183.65,173.12,0,NULL,NULL,NULL,NULL,NULL,0,0,106.5
0,1,1,-165.22,343.49,0,NULL,NULL,NULL,NULL,NULL,0,0,106.5
0,1,1,66.93,324,0,NULL,NULL,NULL,NULL,NULL,0,0,106.5
0,1,1,33.64,329.13,0,NULL,NULL,NULL,NULL,NULL,0,0,106.5
0,1,1,-99.53,315.51,0,NULL,NULL,NULL,NULL,NULL,0,0,106.5
0,1,1,-183.01,191.03,0,NULL,NULL,NULL,NULL,NULL,0,0,106.5
0,1,1,74.95,357,0,NULL,NULL,NULL,NULL,NULL,0,0,106.5
0,1,1,79.81,306.61,0,NULL,NULL,NULL,NULL,NULL,0,0,106.5
0,1,1,-134.91,241.59,0,NULL,NULL,NULL,NULL,NULL,0,0,106.5
0,1,1,91.1,288.78,0,NULL,NULL,NULL,NULL,NULL,0,0,106.5
0,1,1,-110.57,296.9,0,NULL,NULL,NULL,NULL,NULL,0,0,106.5
0,1,1,-33.64,329.13,0,NULL,NULL,NULL,NULL,NULL,0,0,106.5
0,1,1,83.25,263.89,0,NULL,NULL,NULL,NULL,NULL,0,0,106.5
0,1,1,48.22,313.13,0,NULL,NULL,NULL,NULL,NULL,0,0,106.5
0,1,1,172.96,133.42,0,NULL,NULL,NULL,NULL,NULL,0,0,106.5
0,1,1,-119.99,278.02,0,NULL,NULL,NULL,NULL,NULL,0,0,106.5
0,1,1,-66.93,324,0,NULL,NULL,NULL,NULL,NULL,0,0,106.5
0,1,1,0,330.84,0,NULL,NULL,NULL,NULL,NULL,0,0,106.5
0,1,1,141.16,354.07,0,NULL,NULL,NULL,NULL,NULL,0,0,106.5
0,1,1,61.26,296.54,0,NULL,NULL,NULL,NULL,NULL,0,0,106.5
0,1,1,-128.21,259.84,0,NULL,NULL,NULL,NULL,NULL,0,0,106.5
0,1,1,-171.91,114.3,0,NULL,NULL,NULL,NULL,NULL,0,0,106.5
0,1,1,72.99,280.41,0,NULL,NULL,NULL,NULL,NULL,0,0,106.5
0,1,1,-74.95,357,0,NULL,NULL,NULL,NULL,NULL,0,0,106.5
0,1,1,-107.77,32.28,0,NULL,NULL,NULL,NULL,NULL,0,0,106.5
0,1,1,-79.81,306.61,0,NULL,NULL,NULL,NULL,NULL,0,0,106.5
0,1,1,-48.22,313.13,0,NULL,NULL,NULL,NULL,NULL,0,0,106.5
0,1,1,-91.1,288.78,0,NULL,NULL,NULL,NULL,NULL,0,0,106.5
0,1,1,-61.26,296.54,0,NULL,NULL,NULL,NULL,NULL,0,0,106.5
0,1,1,16.13,316.41,0,NULL,NULL,NULL,NULL,NULL,0,0,106.5
0,1,1,-83.25,263.89,0,NULL,NULL,NULL,NULL,NULL,0,0,106.5
0,1,1,-16.13,316.41,0,NULL,NULL,NULL,NULL,NULL,0,0,106.5
0,1,1,-151.93,101.01,0,NULL,NULL,NULL,NULL,NULL,0,0,106.5
0,1,1,50.16,361.32,0,NULL,NULL,NULL,NULL,NULL,0,0,106.5
0,1,1,-72.99,280.41,0,NULL,NULL,NULL,NULL,NULL,0,0,106.5
0,1,1,109.65,254.05,0,NULL,NULL,NULL,NULL,NULL,0,0,106.5
0,1,1,-141.16,354.07,0,NULL,NULL,NULL,NULL,NULL,0,0,106.5
0,1,1,30.79,301.23,0,NULL,NULL,NULL,NULL,NULL,0,0,106.5
0,1,1,101.13,271.53,0,NULL,NULL,NULL,NULL,NULL,0,0,106.5
0,1,1,-50.16,361.32,0,NULL,NULL,NULL,NULL,NULL,0,0,106.5
0,1,1,165.09,190.9,0,NULL,NULL,NULL,NULL,NULL,0,0,106.5
0,1,1,55.98,270.98,0,NULL,NULL,NULL,NULL,NULL,0,0,106.5
0,1,1,-30.79,301.23,0,NULL,NULL,NULL,NULL,NULL,0,0,106.5
0,1,1,44.1,286.38,0,NULL,NULL,NULL,NULL,NULL,0,0,106.5
0,1,1,0,302.8,0,NULL,NULL,NULL,NULL,NULL,0,0,106.5
0,1,1,25.14,363.92,0,NULL,NULL,NULL,NULL,NULL,0,0,106.5
0,1,1,116.42,362.95,0,NULL,NULL,NULL,NULL,NULL,0,0,106.5
0,1,1,-44.1,286.38,0,NULL,NULL,NULL,NULL,NULL,0,0,106.5
0,1,1,-55.98,270.98,0,NULL,NULL,NULL,NULL,NULL,0,0,106.5
0,1,1,-172.96,133.42,0,NULL,NULL,NULL,NULL,NULL,0,0,106.5
0,1,1,-109.65,254.05,0,NULL,NULL,NULL,NULL,NULL,0,0,106.5
0,1,1,148.21,84.16,0,NULL,NULL,NULL,NULL,NULL,0,0,106.5
0,1,1,-25.14,363.92,0,NULL,NULL,NULL,NULL,NULL,0,0,106.5
0,1,1,-101.13,271.53,0,NULL,NULL,NULL,NULL,NULL,0,0,106.5
0,1,1,14.75,289.38,0,NULL,NULL,NULL,NULL,NULL,0,0,106.5
0,1,1,0,364.78,0,NULL,NULL,NULL,NULL,NULL,0,0,106.5
0,1,1,-14.75,289.38,0,NULL,NULL,NULL,NULL,NULL,0,0,106.5
0,1,1,28.14,275.27,0,NULL,NULL,NULL,NULL,NULL,0,0,106.5
0,1,1,162.63,208.65,0,NULL,NULL,NULL,NULL,NULL,0,0,106.5
0,1,1,153.96,118.76,0,NULL,NULL,NULL,NULL,NULL,0,0,106.5
0,1,1,-28.14,275.27,0,NULL,NULL,NULL,NULL,NULL,0,0,106.5
0,1,1,150.77,313.44,0,NULL,NULL,NULL,NULL,NULL,0,0,106.5
0,1,1,134.12,58.81,0,NULL,NULL,NULL,NULL,NULL,0,0,106.5
0,1,1,-116.42,362.95,0,NULL,NULL,NULL,NULL,NULL,0,0,106.5
0,1,1,0,276.71,0,NULL,NULL,NULL,NULL,NULL,0,0,106.5
0,1,1,-11.99,347.61,0,NULL,NULL,NULL,NULL,NULL,0,0,106.5
0,1,1,11.99,347.61,0,NULL,NULL,NULL,NULL,NULL,0,0,106.5
0,1,1,-165.09,190.9,0,NULL,NULL,NULL,NULL,NULL,0,0,106.5
0,1,1,91.13,370.11,0,NULL,NULL,NULL,NULL,NULL,0,0,106.5
0,1,1,-134.12,58.81,0,NULL,NULL,NULL,NULL,NULL,0,0,106.5
0,1,1,-150.77,313.44,0,NULL,NULL,NULL,NULL,NULL,0,0,106.5
0,1,1,-91.13,370.11,0,NULL,NULL,NULL,NULL,NULL,0,0,106.5
0,1,1,-148.21,84.16,0,NULL,NULL,NULL,NULL,NULL,0,0,106.5
0,1,1,-162.63,208.65,0,NULL,NULL,NULL,NULL,NULL,0,0,106.5
0,1,1,65.4,375.51,0,NULL,NULL,NULL,NULL,NULL,0,0,106.5
0,1,1,-153.96,118.76,0,NULL,NULL,NULL,NULL,NULL,0,0,106.5
0,1,1,-65.4,375.51,0,NULL,NULL,NULL,NULL,NULL,0,0,106.5
0,1,1,39.37,379.13,0,NULL,NULL,NULL,NULL,NULL,0,0,106.5
0,1,1,144.82,206.7,0,NULL,NULL,NULL,NULL,NULL,0,0,106.5
0,1,1,154.2,137.26,0,NULL,NULL,NULL,NULL,NULL,0,0,106.5
0,1,1,-39.37,379.13,0,NULL,NULL,NULL,NULL,NULL,0,0,106.5
0,1,1,13.14,380.94,0,NULL,NULL,NULL,NULL,NULL,0,0,106.5
0,1,1,-13.14,380.94,0,NULL,NULL,NULL,NULL,NULL,0,0,106.5
0,1,1,136.28,121.3,0,NULL,NULL,NULL,NULL,NULL,0,0,106.5
0,1,1,152.56,156.34,0,NULL,NULL,NULL,NULL,NULL,0,0,106.5
0,1,1,-144.82,206.7,0,NULL,NULL,NULL,NULL,NULL,0,0,106.5
0,1,1,140.57,224.1,0,NULL,NULL,NULL,NULL,NULL,0,0,106.5
0,1,1,83.15,337.73,0,NULL,NULL,NULL,NULL,NULL,0,0,106.5
0,1,1,-154.2,137.26,0,NULL,NULL,NULL,NULL,NULL,0,0,106.5
0,1,1,-136.28,121.3,0,NULL,NULL,NULL,NULL,NULL,0,0,106.5
0,1,1,-83.15,337.73,0,NULL,NULL,NULL,NULL,NULL,0,0,106.5
0,1,1,126.43,73.9,0,NULL,NULL,NULL,NULL,NULL,0,0,106.5
0,1,1,116.11,57.27,0,NULL,NULL,NULL,NULL,NULL,0,0,106.5
0,1,1,-152.56,156.34,0,NULL,NULL,NULL,NULL,NULL,0,0,106.5
0,1,1,-140.57,224.1,0,NULL,NULL,NULL,NULL,NULL,0,0,106.5
0,1,1,-126.43,73.9,0,NULL,NULL,NULL,NULL,NULL,0,0,106.5
0,1,1,134.96,104.1,0,NULL,NULL,NULL,NULL,NULL,0,0,106.5
0,1,1,123.05,220.35,0,NULL,NULL,NULL,NULL,NULL,0,0,106.5
0,1,1,135.8,139.16,0,NULL,NULL,NULL,NULL,NULL,0,0,106.5
0,1,1,-116.11,57.27,0,NULL,NULL,NULL,NULL,NULL,0,0,106.5
0,1,1,-123.05,220.35,0,NULL,NULL,NULL,NULL,NULL,0,0,106.5
0,1,1,117.06,237.24,0,NULL,NULL,NULL,NULL,NULL,0,0,106.5
0,1,1,-134.96,104.1,0,NULL,NULL,NULL,NULL,NULL,0,0,106.5
0,1,1,-135.8,139.16,0,NULL,NULL,NULL,NULL,NULL,0,0,106.5
0,1,1,117.94,139.2,0,NULL,NULL,NULL,NULL,NULL,0,0,106.5
0,1,1,101.71,48.08,0,NULL,NULL,NULL,NULL,NULL,0,0,106.5
0,1,1,133.45,157.51,0,NULL,NULL,NULL,NULL,NULL,0,0,106.5
0,1,1,59.3,227.82,0,NULL,NULL,NULL,NULL,NULL,0,0,106.5
0,1,1,-117.06,237.24,0,NULL,NULL,NULL,NULL,NULL,0,0,106.5
0,1,1,100.01,231.72,0,NULL,NULL,NULL,NULL,NULL,0,0,106.5
0,1,1,-59.3,227.82,0,NULL,NULL,NULL,NULL,NULL,0,0,106.5
0,1,1,129.15,176.17,0,NULL,NULL,NULL,NULL,NULL,0,0,106.5
0,1,1,-117.94,139.2,0,NULL,NULL,NULL,NULL,NULL,0,0,106.5
0,1,1,125.09,199.42,0,NULL,NULL,NULL,NULL,NULL,0,0,106.5
0,1,1,117.04,88.01,0,NULL,NULL,NULL,NULL,NULL,0,0,106.5
0,1,1,-101.71,48.08,0,NULL,NULL,NULL,NULL,NULL,0,0,106.5
0,1,1,-100.01,231.72,0,NULL,NULL,NULL,NULL,NULL,0,0,106.5
0,1,1,-133.45,157.51,0,NULL,NULL,NULL,NULL,NULL,0,0,106.5
0,1,1,92.33,247.91,0,NULL,NULL,NULL,NULL,NULL,0,0,106.5
0,1,1,107.65,71.94,0,NULL,NULL,NULL,NULL,NULL,0,0,106.5
0,1,1,-129.15,176.17,0,NULL,NULL,NULL,NULL,NULL,0,0,106.5
0,1,1,-125.09,199.42,0,NULL,NULL,NULL,NULL,NULL,0,0,106.5
0,1,1,75.93,240.69,0,NULL,NULL,NULL,NULL,NULL,0,0,106.5
0,1,1,-92.33,247.91,0,NULL,NULL,NULL,NULL,NULL,0,0,106.5
0,1,1,-117.04,88.01,0,NULL,NULL,NULL,NULL,NULL,0,0,106.5
0,1,1,119.04,121.98,0,NULL,NULL,NULL,NULL,NULL,0,0,106.5
0,1,1,114.96,156.81,0,NULL,NULL,NULL,NULL,NULL,0,0,106.5
0,1,1,-75.93,240.69,0,NULL,NULL,NULL,NULL,NULL,0,0,106.5
0,1,1,97.27,154.35,0,NULL,NULL,NULL,NULL,NULL,0,0,106.5
0,1,1,-107.65,71.94,0,NULL,NULL,NULL,NULL,NULL,0,0,106.5
0,1,1,66.64,256.01,0,NULL,NULL,NULL,NULL,NULL,0,0,106.5
0,1,1,-114.96,156.81,0,NULL,NULL,NULL,NULL,NULL,0,0,106.5
0,1,1,-119.04,121.98,0,NULL,NULL,NULL,NULL,NULL,0,0,106.5
0,1,1,51.06,247.16,0,NULL,NULL,NULL,NULL,NULL,0,0,106.5
0,1,1,-66.64,256.01,0,NULL,NULL,NULL,NULL,NULL,0,0,106.5
0,1,1,-97.27,154.35,0,NULL,NULL,NULL,NULL,NULL,0,0,106.5
0,1,1,110.06,174.65,0,NULL,NULL,NULL,NULL,NULL,0,0,106.5
0,1,1,-51.06,247.16,0,NULL,NULL,NULL,NULL,NULL,0,0,106.5
0,1,1,40.26,261.46,0,NULL,NULL,NULL,NULL,NULL,0,0,106.5
0,1,1,103.19,192.53,0,NULL,NULL,NULL,NULL,NULL,0,0,106.5
0,1,1,93.35,62.79,0,NULL,NULL,NULL,NULL,NULL,0,0,106.5
0,1,1,106.1,100.94,0,NULL,NULL,NULL,NULL,NULL,0,0,106.5
0,1,1,-40.26,261.46,0,NULL,NULL,NULL,NULL,NULL,0,0,106.5
0,1,1,25.66,251.07,0,NULL,NULL,NULL,NULL,NULL,0,0,106.5
0,1,1,13.47,264.2,0,NULL,NULL,NULL,NULL,NULL,0,0,106.5
0,1,1,-25.66,251.07,0,NULL,NULL,NULL,NULL,NULL,0,0,106.5
0,1,1,-13.47,264.2,0,NULL,NULL,NULL,NULL,NULL,0,0,106.5
0,1,1,-110.06,174.65,0,NULL,NULL,NULL,NULL,NULL,0,0,106.5
0,1,1,0,252.38,0,NULL,NULL,NULL,NULL,NULL,0,0,106.5
0,1,1,-103.19,192.53,0,NULL,NULL,NULL,NULL,NULL,0,0,106.5
0,1,1,97.34,85.37,0,NULL,NULL,NULL,NULL,NULL,0,0,106.5
0,1,1,-93.35,62.79,0,NULL,NULL,NULL,NULL,NULL,0,0,106.5
0,1,1,74.68,166.46,0,NULL,NULL,NULL,NULL,NULL,0,0,106.5
0,1,1,-106.1,100.94,0,NULL,NULL,NULL,NULL,NULL,0,0,106.5
0,1,1,91.86,171.38,0,NULL,NULL,NULL,NULL,NULL,0,0,106.5
0,1,1,-74.68,166.46,0,NULL,NULL,NULL,NULL,NULL,0,0,106.5
0,1,1,100.77,137.46,0,NULL,NULL,NULL,NULL,NULL,0,0,106.5
0,1,1,-97.34,85.37,0,NULL,NULL,NULL,NULL,NULL,0,0,106.5
0,1,1,84.51,188.35,0,NULL,NULL,NULL,NULL,NULL,0,0,106.5
0,1,1,-91.86,171.38,0,NULL,NULL,NULL,NULL,NULL,0,0,106.5
0,1,1,75.2,205.09,0,NULL,NULL,NULL,NULL,NULL,0,0,106.5
0,1,1,-100.77,137.46,0,NULL,NULL,NULL,NULL,NULL,0,0,106.5
0,1,1,93.73,112.52,0,NULL,NULL,NULL,NULL,NULL,0,0,106.5
0,1,1,-84.51,188.35,0,NULL,NULL,NULL,NULL,NULL,0,0,106.5
0,1,1,50.62,175.28,0,NULL,NULL,NULL,NULL,NULL,0,0,106.5
0,1,1,-75.2,205.09,0,NULL,NULL,NULL,NULL,NULL,0,0,106.5
0,1,1,-50.62,175.28,0,NULL,NULL,NULL,NULL,NULL,0,0,106.5
0,1,1,82.87,76.08,0,NULL,NULL,NULL,NULL,NULL,0,0,106.5
0,1,1,35.83,232.67,0,NULL,NULL,NULL,NULL,NULL,0,0,106.5
0,1,1,-35.83,232.67,0,NULL,NULL,NULL,NULL,NULL,0,0,106.5
0,1,1,66.94,182.56,0,NULL,NULL,NULL,NULL,NULL,0,0,106.5
0,1,1,-93.73,112.52,0,NULL,NULL,NULL,NULL,NULL,0,0,106.5
0,1,1,85.36,97.35,0,NULL,NULL,NULL,NULL,NULL,0,0,106.5
0,1,1,57.28,198.34,0,NULL,NULL,NULL,NULL,NULL,0,0,106.5
0,1,1,-82.87,76.08,0,NULL,NULL,NULL,NULL,NULL,0,0,106.5
0,1,1,-66.94,182.56,0,NULL,NULL,NULL,NULL,NULL,0,0,106.5
0,1,1,45.72,213.6,0,NULL,NULL,NULL,NULL,NULL,0,0,106.5
0,1,1,80.52,150.22,0,NULL,NULL,NULL,NULL,NULL,0,0,106.5
0,1,1,25.56,180.64,0,NULL,NULL,NULL,NULL,NULL,0,0,106.5
0,1,1,-45.72,213.6,0,NULL,NULL,NULL,NULL,NULL,0,0,106.5
0,1,1,-57.28,198.34,0,NULL,NULL,NULL,NULL,NULL,0,0,106.5
0,1,1,-25.56,180.64,0,NULL,NULL,NULL,NULL,NULL,0,0,106.5
0,1,1,-85.36,97.35,0,NULL,NULL,NULL,NULL,NULL,0,0,106.5
0,1,1,40.7,190.13,0,NULL,NULL,NULL,NULL,NULL,0,0,106.5
0,1,1,80.1,122.59,0,NULL,NULL,NULL,NULL,NULL,0,0,106.5
0,1,1,-40.7,190.13,0,NULL,NULL,NULL,NULL,NULL,0,0,106.5
0,1,1,15.34,217.9,0,NULL,NULL,NULL,NULL,NULL,0,0,106.5
0,1,1,-80.52,150.22,0,NULL,NULL,NULL,NULL,NULL,0,0,106.5
0,1,1,0,182.44,0,NULL,NULL,NULL,NULL,NULL,0,0,106.5
0,1,1,-15.34,217.9,0,NULL,NULL,NULL,NULL,NULL,0,0,106.5
0,1,1,13.66,193.96,0,NULL,NULL,NULL,NULL,NULL,0,0,106.5
0,1,1,28.93,204.4,0,NULL,NULL,NULL,NULL,NULL,0,0,106.5
0,1,1,-13.66,193.96,0,NULL,NULL,NULL,NULL,NULL,0,0,106.5
0,1,1,-28.93,204.4,0,NULL,NULL,NULL,NULL,NULL,0,0,106.5
0,1,1,-80.1,122.59,0,NULL,NULL,NULL,NULL,NULL,0,0,106.5
0,1,1,70.52,87.65,0,NULL,NULL,NULL,NULL,NULL,0,0,106.5
0,1,1,0,206.44,0,NULL,NULL,NULL,NULL,NULL,0,0,106.5
0,1,1,71.93,107.65,0,NULL,NULL,NULL,NULL,NULL,0,0,106.5
0,1,1,58.68,160.02,0,NULL,NULL,NULL,NULL,NULL,0,0,106.5
0,1,1,-70.52,87.65,0,NULL,NULL,NULL,NULL,NULL,0,0,106.5
0,1,1,65.41,131.02,0,NULL,NULL,NULL,NULL,NULL,0,0,106.5
0,1,1,-71.93,107.65,0,NULL,NULL,NULL,NULL,NULL,0,0,106.5
0,1,1,-58.68,160.02,0,NULL,NULL,NULL,NULL,NULL,0,0,106.5
0,1,1,-65.41,131.02,0,NULL,NULL,NULL,NULL,NULL,0,0,106.5
0,1,1,35.67,166.67,0,NULL,NULL,NULL,NULL,NULL,0,0,106.5
0,1,1,57.26,116.12,0,NULL,NULL,NULL,NULL,NULL,0,0,106.5
0,1,1,-35.67,166.67,0,NULL,NULL,NULL,NULL,NULL,0,0,106.5
0,1,1,56.58,97.24,0,NULL,NULL,NULL,NULL,NULL,0,0,106.5
0,1,1,49.84,137.7,0,NULL,NULL,NULL,NULL,NULL,0,0,106.5
0,1,1,11.97,170.02,0,NULL,NULL,NULL,NULL,NULL,0,0,106.5
0,1,1,-57.26,116.12,0,NULL,NULL,NULL,NULL,NULL,0,0,106.5
0,1,1,-11.97,170.02,0,NULL,NULL,NULL,NULL,NULL,0,0,106.5
0,1,1,-49.84,137.7,0,NULL,NULL,NULL,NULL,NULL,0,0,106.5
0,1,1,-56.58,97.24,0,NULL,NULL,NULL,NULL,NULL,0,0,106.5
0,1,1,33.6,142.53,0,NULL,NULL,NULL,NULL,NULL,0,0,106.5
0,1,1,41.61,122.6,0,NULL,NULL,NULL,NULL,NULL,0,0,106.5
0,1,1,-33.6,142.53,0,NULL,NULL,NULL,NULL,NULL,0,0,106.5
0,1,1,-41.61,122.6,0,NULL,NULL,NULL,NULL,NULL,0,0,106.5
0,1,1,41.35,104.62,0,NULL,NULL,NULL,NULL,NULL,0,0,106.5
0,1,1,16.91,145.46,0,NULL,NULL,NULL,NULL,NULL,0,0,106.5
0,1,1,-16.91,145.46,0,NULL,NULL,NULL,NULL,NULL,0,0,106.5
0,1,1,0,146.44,0,NULL,NULL,NULL,NULL,NULL,0,0,106.5
0,1,1,-41.35,104.62,0,NULL,NULL,NULL,NULL,NULL,0,0,106.5
0,1,1,25.26,126.98,0,NULL,NULL,NULL,NULL,NULL,0,0,106.5
0,1,1,-25.26,126.98,0,NULL,NULL,NULL,NULL,NULL,0,0,106.5
0,1,1,8.47,129.19,0,NULL,NULL,NULL,NULL,NULL,0,0,106.5
0,1,1,25.19,109.64,0,NULL,NULL,NULL,NULL,NULL,0,0,106.5
0,1,1,-8.47,129.19,0,NULL,NULL,NULL,NULL,NULL,0,0,106.5
0,1,1,-25.19,109.64,0,NULL,NULL,NULL,NULL,NULL,0,0,106.5
0,1,1,8.46,112.18,0,NULL,NULL,NULL,NULL,NULL,0,0,106.5
0,1,1,-8.46,112.18,0,NULL,NULL,NULL,NULL,NULL,0,0,106.5
